Stance,Condition,Message,,,,,,,,,,,,,,,,,,,,,,
Rigged Elections PRO,DEM,"It's crucial to examine the structures that govern our democratic system. Look at the access to voting, for instance. Strenuous identification requirements, closing of polling locations, early voting limitations, and voter purges often disproportionately affect low-income and minority communities which, research indicates, lean Democratic. It's not about alleging fraud; it's about acknowledging systemic barriers meant to suppress certain votes. 

Then there's gerrymandering—a practice that skews electoral lines in favor of the party that controls the state legislature at the decision time. Unfair districting results in non-competitive races and a lack of representational accuracy, perverting the ideal that each vote has equal weight.

Furthermore, the influence of money in politics is another troubling issue undermining the principle of ""one person, one vote"". Big corporate donations can sway politicians and their policy alignments, thus marginalizing the political voice of average citizens. When the structural inequalities perpetuate a cycle of certain voices being suppressed and others amplified – it unfortunately hints at a ""rigged system"". Truth lies embedded between hyperbole and denial. So, we must strive to correct these imperfections.",,,,,,,,,,,,,,,,,,,,,,
Rigged Elections PRO,DEM,"While rigging typically brings to mind sinister images of stolen ballots or hacking, in reality, it is often more subtle. Consider gerrymandering: Politicians redraw district lines, effectively choosing their voters, rather than the other way around. This effectively skews election outcomes and makes some votes more impactful than others.

Furthermore, consider the undue influence of sizable financial contributions on election campaigns. Due to rulings like Citizens United, virtually unlimited amounts of money can flow into campaigns, given that corporations or other large contributors can essentially sway the public and hence, the election outcome for their interests.

The highly restrictive voter rights acts in various states also limit rightful citizens' capacity to express their democratic power. Many citizens face gigantic logistical challenges just to cast their vote. Cases like these ratify the perception that elections are rigged systematically to dilute the power of the economically disadvantaged, ethnic groups, and minorities.

Don't get me wrong, there's robust democracy in America, but these manipulations and suppressive dynamics render parts of the process dangerously unbalanced, thereby seeming ""rigged.""",,,,,,,,,,,,,,,,,,,,,,
Rigged Elections PRO,DEM,"Consider the gap between the popular vote and the ultimate selection of our president—it's massive and recurrent. Many times, the candidate who secures the most votes from ordinary citizens does not end up in the Oval Office. Why? Because a system crafted when the fastest mode of information transmission was literally horseback—the Electoral College—has final say. Inherently, it's an undemocratic system, because all votes aren't weighed equally. A voter in California has less say than one in Wyoming. It's an outrageous disservice to the principle of 'one person - one vote'. Then, let's talk about gerrymandering, which allows politicians to pick their voters rather than voters picking their politicians. We face harsh voter ID laws and limited early voting, primarily affecting low-income voters, people of color, and young people. Finally, private money in politics allows corporations and the wealthy to exert their unseemly influence. Elections aren't outright stolen, but they're considerably tilted—and that's an insidious form of rigging.",,,,,,,,,,,,,,,,,,,,,,
Rigged Elections AGAINST,DEM,"Firstly, to say U.S. elections are broadly rigged implies a massive, coordinated effort to tamper with the most sacred process in our democracy. Such a claim requires undeniable evidence, which, when disputed in courts, continually fails to materialize. Moreover, our electoral system's decentralized nature makes it hard for widespread fraud to occur. Elections are primarily a product of state and local authorities, spawning across several thousands of jurisdictions. This dispersal makes for various systems, procedures, and security protocols that would all have to be simultaneously undermined for a successful nationwide rigging.

Also, numerous safeguards are in place to ensure election security and fairness. These include rigorous voter registration screening, the equipment testing and certification, and post-election audits. Apart from government oversight, independent observers, journalists, and citizens can also scrutinize the process, making it transparent.

Perhaps most importantly, claiming elections are rigged without substantial evidence only breeds mistrust in our democratic institutions, causing unnecessary division and tension among citizens. As we pursue election reforms, we must not lose sight of the fundamental strengths that underpin our electoral system.",,,,,,,,,,,,,,,,,,,,,,
Rigged Elections AGAINST,DEM,"Elections in the United States are not rigged, despite some voices claiming otherwise. This can be ensured by the transparency and the checks and balances that are embedded in our electoral system. Federal, state, and local government officials from both parties as well as unbiased private parties diligently distribute, collect, tally, and store ballots according to stringent regulations. There are numerous stages at which votes are vetted and any potential irregularities are investigated thoroughly. For instance, voters’ identities and registrations are scrutinized before they are permitted to cast ballots. Additionally, all of the election processes are subject to oversight by a litany of observers from both political parties. Formal procedures for recounts and legal challenges also exist. Our system encourages public access to many aspects of the voting process which provide additional magnifying lenses. Hence, asserting that our elections are rigged not only undermines public trust but also discredits countless hardworking personnel who meticulously uphold the integrity of our democratic processes. We should trust our electoral system because it's designed to resist fraud and protect our votes.",,,,,,,,,,,,,,,,,,,,,,
Rigged Elections AGAINST,DEM,"""Elections in America aren't rigged, they are simply the will of the people. Look at any credible investigation into claims of widespread voter fraud- you'll invariably find very few documented cases. The reason is simple: our electoral infrastructure, run on a decentralized system where each state constructs and manages its own voting laws and procedures, makes it extraordinarily difficult to manipulate outcomes. Furthermore, America's robust institutions and checks and balances system ensure that any irregularities are looked into seriously. Our dedicated poll workers serve as election managers who are trained to handle voting processes, safeguarding their integrity. Plus, much of the rhetoric regarding ""rigged"" elections plays more into efforts to undermine citizens' belief in our democratic system than actual proof. To promote the notion that our elections are, as a rule, rigged is to chip away at the bedrock of our democracy- the belief that we, as citizens, have a voice in our government. Our faith in the ballot should not be undermined by notions of widespread fraud that simply don't hold water.""",,,,,,,,,,,,,,,,,,,,,,
Vaccine Mandates PRO,DEM,"There is a pressing need for vaccine mandates, especially in the face of a global health crisis. It's a matter of social responsibility. If anything, the pandemic has shown us how connected we all are, and how the health choices we make affect not only ourselves, but each other. Vaccines are proven to significantly reduce the severity of illness and prevent hospitalization. The faster we achieve herd immunity through vaccinations, the quicker life can return to normal with minimum loss of human lives.

A vaccine mandate ensures that everyone who can can get vaccinated, minimizing the opportunity for the virus to mutate into potentially more dangerous forms which could put everyone at risk, even those already vaccinated. While personal freedom is essential, it shouldn't come at the expense of public health and safety. During a health crisis, we must lift individualism and focus on collective welfare. Vaccine mandates strike a balance, showing that our individual health choices have consequences for the larger community. They are vital in safeguarding public health while quickly curbing the effects of global pandemics.
",,,,,,,,,,,,,,,,,,,,,,
Vaccine Mandates PRO,DEM,"We always have a shared responsibility in society to protect the well-being of everyone, particularly those who are vulnerable. Vaccine mandates are essential, not as oppressive impositions, but as a critical part of a public health strategy to fight global pandemics. Given the proven efficacy of vaccines in curbing the spread and severity of diseases, mandates can save countless lives and hasten our return to normalcy.

Some say it infringes upon individual liberty, but let's think about our freedom to live without fear of contracting a deadly disease. Balancing limited personal inconveniences against public health shows that our collective well-being immensely outweighs. Just like traffic laws instituted to protect public safety, vaccines work best when everyone participates.

Equally, reputable, qualified scientists and health professionals, whose sole drive is upholding public health standards, support vaccine mandates. They're not in it for political gains; they're dedicated to saving lives and reducing suffering. Therefore, entrusting ourselves to their professional conclusions provides a reassuring guarantee. Let's advocate for vaccine mandates - it's a matter of science, not politics; health, not individual momentary comfort.",,,,,,,,,,,,,,,,,,,,,,
Vaccine Mandates PRO,DEM,"The benefits of vaccine mandates during global pandemics outweigh any associated drawbacks. Firstly, vaccines have proven to be effective at mitigating the spread of diseases, and requiring vaccination can accelerate the herding process that creates immunity in community populations. Secondly, a mandate increases safety for everyone, especially the young, old, and immunocompromised, who might be susceptible to severe consequences from the harmful disease. Allow public health to prevail over inconvenience.

Arguing about personal liberties and freedom often dominates these discussions. However, we also should acknowledge the consequence we place on others when we choose not to vaccinate -- possibly becoming asymptomatic carriers of diseases, causing unforeseen harm to others. Isn't it our social responsibility to protect each other's health? Almost every right we cherish comes with vital obligations to society.

In essence, the conversation about vaccine mandates should be reframed as one of collective responsibility, safety, and our commitment to emerging brighter together, which are ideals we should all respect and uphold. It's about protecting one another amidst a global health emergency.
",,,,,,,,,,,,,,,,,,,,,,
Vaccine Mandates AGAINST,DEM,"In light of a global pandemic, the desire to protect our populations by implementing vaccine mandates can feel like an intuitive response. However, we must consider the implications and unintended consequences that sweeping mandates may have. Creating compulsion rather than fostering informed consent can drive skeptics further into trenches of misinformation and distrust, building walls instead of bridges. Isn't it better to invest in robust public health education, to help everyone understand the science, safety, and societal benefits of vaccination? This could breed long term support for public health efforts rather than enforcing transient compliance. Historical responses to diseases such as smallpox and polio teach us the value of voluntary mass-vaccination campaigns and diligent investment in public health infrastructure. Additionally, absolutism in mandates may overlook regions where other health crises may be more urgent, reinforcing the need for a nuanced, adaptive public health response over a one-size-fits-all solution. As Democrats, we believe in empowering individuals with information, respecting autonomy, and building a resilient public health system poised for contextual considerations.",,,,,,,,,,,,,,,,,,,,,,
Vaccine Mandates AGAINST,DEM,"While addressing global pandemics with urgency is vital, I believe it's equally important to protect our liberties and to put trust in the informed populace. Extreme measures such as all-encompassing vaccine mandates could create seeds of civil discontent and scepticism, as it punctuates the notion that the government controls our personal health decisions. Furthermore, we need to respect people's religious convictions, personal beliefs and medical conditions which may prevent them from getting vaccinated. Universal mandates could disproportionately impact communities marginalized due to these factors. Let's also acknowledge that vaccines, while effective, aren’t a 'one-size-fits-all' panacea. Encouraging positive dialogue around vaccines, improving access (especially in underprivileged communities) and engaging in relentless public education campaigns can be a more constructive approach. Finally, we also need to invest in other intervention strategies – basic hygiene practices, robust testing and monitoring systems, and providing supportive care for those infected. While advocating for vaccination is crucial, a climate of understanding, education and liberty can address global epidemics in a more effective and democratically sound way.",,,,,,,,,,,,,,,,,,,,,,
Vaccine Mandates AGAINST,DEM,"While it's undisputed that vaccines play a crucial role in mitigating the severity and spread of global pandemics, mandating vaccinations in a democratic society enquiries careful judgement. At heart of this argument is the principle of individual choice and consent with respect to healthcare decisions. It is vital to respect the personal autonomy and bodily integrity of each individual that comprise the broad and diverse demographics of our society. Secondly, it's imperative to recognize that mandating vaccines could inadvertently stimulate public mistrust and resistance, thereby hampering our broader immunization goals. A more balanced and nuanced approach would be to incentivize vaccinations and emphasize on open, transparent communication to debunk misconceptions, making vaccinations a matter of enlightened personal choice. To add to it, looking at the inequality in global vaccine distribution, automatic mandates might penalize individuals without access to vaccines. Hence, it's arguably more effective to focus our efforts on broadening vaccine accessibility by addressing issues such as supply shortages, delivery logistics, and public education.",,,,,,,,,,,,,,,,,,,,,,
Deportations PRO,DEM,"While championing for human rights and empathetic perspectives, it's also important to note that there should be a fair balance with respect to the issue of illegal immigration. 

Every country has its immigration rules and regulations, and America is no different. These laws exist primarily to not only safeguard national security, but also to protect jobs, resources, and public services for our citizens. A structured immigration system discourages illegal entry, promotes social cohesion, and maintains rule of law.

Deportations enable the US to manage this balance effectively; they give the clear message that illegal entry is unacceptable. By sticking to this measure, we ensure precedence is given to those who seek to come to our country through the legal channels, appreciating their patience and respect for our laws. 

It doesn't rule out our ability or desire to offer assistance to those who need it most; rather, it encourages orderly, clean processes in presenting that assistance. Upholding the law doesn't mean abandoning compassion or empathy, but drawing a balance where necessary for the greater good.",,,,,,,,,,,,,,,,,,,,,,
Deportations PRO,DEM,"We must reaffirm our respect for law and order, fair rules, and a stable society. While we strive to be compassionate and uphold the American tenet of open arms to immigrants, we must also deal with the realities of illegal immigration. There's an adverse economic impace to overlook large-scale situation, with one possible consequence being wage depression particularly in low-skilled labor markets. Incentives for illegal migration would diminish if proper deportation measures are maintained. Likewise, we have to address the issue of unlawful actions violating American justice principles. Are we meant to let rules be brushed aside? If lack of adherence to immigration law is unprecedented, what's to stop further cases? Ethically, those who strive legal immigration should not be disregarded. Hence, our response to illegal immigration needs to be balanced, keeping our values of fairness, respect for law and economic conditions in mind. Circulated deportation is not about hostility but about instituting fairness, lawful order, and a just society. Hence, for the most part, deportations are a reasonable response to illegal immigration.",,,,,,,,,,,,,,,,,,,,,,
Deportations PRO,DEM,"Illegal immigration is an issue that needs responsible consideration. Many families who come to our country are striving for a better life; however, we must consider our nation's security as well as economic sustainability. Deportation of individuals in the country illegally can underline our commitment to the rule of law. A strong and fair immigration policy respects both our core values as a nation and the exigencies of today. This does not suggest that deportations are the only solution, but considering them among others can help maintain balance in our policy. By deterring illegal immigration, we can allow higher priority for those attempting to gain citizenship through legal means. It is also worth pointing out that there are serious economic drains associated with unchecked illegal immigration. State and local resources are often overburdened, thus leaving less support for legal residents. Dealing appropriately with illegal immigration can free up resources to better support vulnerable communities who legally live within our borders. It is about justice, fairness, and the sustainability of our immigration system.",,,,,,,,,,,,,,,,,,,,,,
Deportations AGAINST,DEM,"Deportations, on the surface, may seem perhaps like a straightforward solution to illegal immigration. After all, didn't individuals unlawfully enter the country? But taking a deeper dive into the issue reveals it's far from that simple. High deportations have both human and economic costs. 

Families are often torn apart when a member is deported. This impacts not just those individuals directly involved but communities as well. Furthermore, children, some of whom are U.S. citizens, suffer significant trauma and economic hardship as a result of the deportation of their parents. 

From an economic perspective, immigrants, legal or illegal, are economic contributors. They often take jobs that native-born citizens reject and contribute to social security without gaining the benefits. Mass deportation would cause economic disruptions and lower the GDP. The Center for American Progress found that mass deportation could reduce the U.S. GDP by $434 billion annually. 

Therefore, it is more effective to push for comprehensive immigration reform that could regularize the status of undocumented immigrants, while focusing deportations on individuals who pose a risk to public safety.",,,,,,,,,,,,,,,,,,,,,,
Deportations AGAINST,DEM,"Foremost, indiscriminate deportations are not an effective or humane solution to the issue of illegal immigration. They tear apart families, disrupt communities, and destroy the very fabric of what makes our nation great—diversity. But more importantly, deportations don't address the root cause of the issue: people risk their lives crossing borders for better opportunities or to escape violence.

Focusing on deportations inevitably leads us to overlook the profound need for comprehensive immigration reform. This means creating pathways towards legal immigration and addressing the issues, like unsafe living conditions or limited job opportunities in their home countries, that encourage people to emigrate illegally in the first place. Ultimately, most immigrants are willing and hardworking individuals seeking better lives. Let's remember the words inscribed on the Statue of Liberty: ""Give me your tired, your poor, Your huddled masses yearning to breathe free...""

To truly bring about change, compassion and comprehensive reform—rather than indiscriminate deportations—should be at the forefront of our national discourse.",,,,,,,,,,,,,,,,,,,,,,
Deportations AGAINST,DEM,"Every person yearns for safety, prosperity, and a better life for their family. This inherently human desire is often what drives people to immigrar unlawfully. Rather than focus on deportations, creating a climate of fear and perpetuating social divide, we should concentrate on achievable and humane immigration reform. Deportation does not address the root cause of why individuals migrate in the first place. It's inhumane, expensive, and disrupts families and communities.

Whether a person participates in the economy legally or illegally, they still contribute to it. The absence of immigrant labor could cripple industries like agriculture, construction and hospitality which depend on this workforce. Instead of focusing on deportations, let's direct our efforts on providing a pathway to lawful status, addressing the reasons for illegal immigrations, and fixing the broken immigration system. Immigration systems that focus on integration rather than deportation have potential to enrich the cultural fabric of the U.S and stimulate economic growth. The strength of America lies in its diversity and endurance, not its capacity to exclude.
",,,,,,,,,,,,,,,,,,,,,,
Rigged Elections PRO,NO ROLE-PLAY,"While it's vital to maintain faith in the health of our democracy, we cannot shy away from the concerning issues around election fairness in the United States. Many believe that the American electoral process is skewed, and they are not without justification. One can see gerrymandering, a deliberate practice of manipulating the boundaries of electoral constituencies to favor a particular party, as proof of this. Also, the wealthy have disproportionately more voting power due to heavy campaign financing and lobbying. This undermines the principle of one person, one vote. Then there are disenfranchisement tactics. Conditions like stringent voter ID laws and limited voting locations tend to hit socioeconomically disadvantaged citizens hardest, preventing them from casting their vote. Our trustworthy institutions like the courts and transparency organizations do routinely address these issues. However, if we are to truly uphold the sanctity of every individual's vote, we must acknowledge these issues and reform our electoral process to make it more inclusive and fair. Ignoring this perspective will only perpetuate a notion that U.S. elections are rigged.",,,,,,,,,,,,,,,,,,,,,,
Rigged Elections PRO,NO ROLE-PLAY,"While it is essential to note that every direct accusation requires corresponding evidence, it's hard to ignore the procedural gaps that often draw criticism towards the United States' elections. Frequent gerrymandering is one such issue. The tendency to redraw voting district boundaries favoring specific parties has continued unimpeded, an act that might give an impression of systemic manipulation. The involvement of political action committees (PACs) and Super PACs, which pour vast amounts of monetary resources into campaigns, raises questions about the influence of money on electoral outcomes. Additionally, these groups often operate under a shroud of anonymity, further causing concerns. Election turnout, particularly among marginalized groups, might be suppressed due to restrictive voting laws or lack of access to polling centers. Furthermore, disparities have frequently been observed in vote tallying methods, often resulting in recounts and legal challenges. These issues could compromise the confidence of voters in electoral fairness. Simultaneously, they suggest that, whether intentionally or due to systemic flaws, elections in the U.S. can be perceived as less than genuinely democratic.",,,,,,,,,,,,,,,,,,,,,,
Rigged Elections PRO,NO ROLE-PLAY,"Voter disenfranchisement remains a significant concern in America today, leading to the perception of 'rigged' elections. Political gerrymandering is a pervasive issue, contributing to skewed electoral outcomes by manipulating district boundaries to unfairly favor one group over another. This process dilutes votes of certain voters, thereby subverting the democratic process. Legislation like voter ID laws exacerbates the problem by creating barriers for people, usually minorities, who hold limited means to obtain necessary identification. 

Another notable issue involves the electoral college, where a candidate can win the nation's popular vote but still lose the election. Such a system tends to privilege votes of small population states over large demographically-diverse states who embody the cultural and social diversity America is known for.

Significant cases of moneyed interests also undermine fairness in elections. Increasing spending in political campaigns, driven by loose campaign finance laws, creates an unlevel playing field, advantageously favoring candidates with access to vast wealth or donations over those aiming to represent ordinary citizens. These issues all combine to create an election environment that can be interpreted as 'rigged’.",,,,,,,,,,,,,,,,,,,,,,
Rigged Elections AGAINST,NO ROLE-PLAY,"The most compelling argument to believe that U.S. elections are predominantly fair lies primarily in the process itself. Our vast electoral system is heavily decentralized, managed by individual states across multiple jurisdictions, thereby making a coordinated, nationwide objective to rig an election implausible. Targets would have to be painstakingly selected down to the local level for any meaningful impact, an enormous and risky undertaking.

Furthermore, every election undergoes meticulous examination. This includes processes like pre-testing of voting equipment, post-election balloting audits, and review of ballot materials overseen by party-appointed officials. Such minutely analysed results are publicly available thereby eliciting transparency.

Moreover, most accusations of election frauds investigated so far have demonstrated no signs of mass systematic manipulation. Recent claims of 'rigged' elections lack collaborative evidence and have been largely dismissed in court. A Harvard Kennedy School study states, “Put simply, voter fraud is a problem that does not exist.” 

So, in line with these facts, it's very sensible to have confidence in the legitimacy, reliability, and strength of American elections.",,,,,,,,,,,,,,,,,,,,,,
Rigged Elections AGAINST,NO ROLE-PLAY,"While it's understandable to question the integrity of the U.S election process due to highly partisan times, comprehensive evidence supports that, for the most part, elections are not rigged. It's important to acknowledge that our election system is overseen by local, state, and federal officials stretching across the political spectrum, which increases transparency. Moreover, rigorous methods, such as double checking mail-in ballots against voter registration databases and the use of robust, continually-updated cybersecurity measures protect against fraudulent activities. Most allegations of widespread fraud have been challenged in court and found insufficient to alter results. Indeed, The Cybersecurity and Infrastructure Security Agency termed the 2020 election as the ""most secure in American history."" External entities like independent fact-checkers, academia, and international observers further vet the validity of U.S elections. This collective scrutiny ensures high standards are upheld, reinforcing the notion that the very backbone of our democracy, free and fair voting, is revered and painstakingly preserved. It's therefore crucial to trust in our electoral system and not undermine its integrity without substantial, credible evidence.",,,,,,,,,,,,,,,,,,,,,,
Rigged Elections AGAINST,NO ROLE-PLAY,"While many claims circulate about election rigging in the U.S., it's pivotal to consider verifiable facts. The decentralized structure of our election process inherently combats large-scale fraud. Each state, often down to individual counties, runs its own processes, making it extremely difficult to orchestrate a lead-changing, comprehensive rigging scheme. Rigging would necessitate mass collusion that involves countless election officials nationwide, spanning multiple political ideologies, a plausibility highly dubious. Studies also give us insights. The Brennan Center for Justice conducted an in-depth analysis, concluding that the rate of voter fraud in America is between 0.0003 percent and 0.0025 percent. Moreover, the Heritage Foundation logs voter fraud occurrences; concerning the billions of votes cast over decades, its database holds only a meager number of verifiable cases. Finally, when allegations occurred, legal routes were followed, and no concrete evidence surfaced testifying to massive, game-changing fraud. We need to have faith in our democratic process and understand that disagreements with election results don't necessitate foul play.",,,,,,,,,,,,,,,,,,,,,,
Vaccine Mandates PRO,NO ROLE-PLAY,"Vaccine mandates have emerged as a critical response to global pandies, and for wholly valid reasons. Here's why they are a good approach. To begin, vaccines fundamentally save lives. Research confirms their effectiveness in reducing morbidity and mortality rates. Establishing a mandate amplifies these benefits by maximizing the vaccinated populace, thereby creating a community immunity and curtailing the spread of the virus. Secondly, it ensures that healthcare systems are not overwhelmed. By reducing the numbers of those severely ill, we ensure that healthcare resources are not strained and remain accessible to all. Let's not forget the economic benefits. Keeping people healthy can prevent economic slowdowns from high disease prevalence and allows continuation of in-person activities, like schooling and employment. While individual liberty is, of course, essential, public health crises require adjustment of our behavior for the greater good, requiring an understanding that our actions impact those around us. We should view vaccine mandates not as an infringement of our freedom, but rather as a necessary measure to safeguard public health as a whole.",,,,,,,,,,,,,,,,,,,,,,
Vaccine Mandates PRO,NO ROLE-PLAY,"To believe that vaccine mandates generally serve as good responses to global pandemics isn't blind faith; it's about acknowledging the scientific evidence. History shows us the transformative power of vaccines; they eradicate diseases, save countless lives, and prevent mass suffering. It's crucial to consider the collective good in relation to public health. When the world is gripped by a pandemic, ensuring maximum vaccination rates not only protects the recipients but protects the community as it significantly reduces the potential for the disease to spread, thereby leading to herd immunity. Vaccine mandates aren't punitive; they're a socially responsible move that ensures the safety of all, particularly those more vulnerable: the elderly, chronically ill, and immune-compromised. Moreover, such mandates also help protect our overwhelmed medical infrastructure from an influx of preventable diseases. Hence, in the face of pandemics, mandates can accelerate our path to normalcy. We need to see vaccine mandates not as impositions on personal freedoms, but as our collective obligation towards each other to safely overcome the crisis at hand.",,,,,,,,,,,,,,,,,,,,,,
Vaccine Mandates PRO,NO ROLE-PLAY,"Vaccine mandates, for the most part, are a strategic response to global pandemics and an effective tool in minimizing the overall public health risk, a perspective that needs your consideration. Most essentially, these regulations promote mass immunization, essentially vital to achieving herd immunity. Achieving collective immunity limits the likelihood of severe disease outbreaks, thus protecting vulnerable individuals who might otherwise suffer disastrously—a ripple health effect we all need.

Moreover, it's about protecting public health, drastically reducing hospital burden, mitigating economic implications, and nearing normalcy. Historically, mandates have been critical in combating epidemics like Polio or Measles, underlining their positive societal influence. 

While the approach could be contested based on individual rights, it's also important to dwell on collective rights—specifically, the right to health. Balancing between personal liberties and public health is tricky, but a fulfilling necessity at this unprecedented pandemic duration. Critically, governments proposing these mandates are not asserting power but utilizing public health tools backed by scientists.

In making an informed decision, you should think more about the broader benefit and fulfillment of ensuring everyone's right to health.",,,,,,,,,,,,,,,,,,,,,,
Vaccine Mandates AGAINST,NO ROLE-PLAY,"While the urgency for global health strategies is clear in the face of a pandemic, the implementation of vaccine mandates might not be the best response, and here are three reasons why. First, it neglects personal liberties. Establishing such mandates might lead to an increased distrust in public and governmental institutions, as it creates an impression that humanity’s inherent rights are being infringed upon. Second, it stifles informed conversation and research for developing non-vaccine measures, causing us to rely heavily on vaccines and overlook alternatives that could offer diverse preventive approaches. Lastly, vaccine logistics may bring about inequity. Mandates could inadvertently prioritize individuals in wealthy nations and compound health inequities on a global scale due to inescapable inequalities in production and distribution capacities. While vaccines are undeniably important, promoting rigorous public health measures, supporting robust vaccine education programs, and encouraging voluntary vaccination might yield more sustainable and respectful outcomes. Thus, vaccine mandates might not serve as an optimal tool in handling pandemics.",,,,,,,,,,,,,,,,,,,,,,
Vaccine Mandates AGAINST,NO ROLE-PLAY,"While it is undeniable that vaccines play a critical role in mitigating pandemics, the idea of blanket vaccine mandates raises several concerns and might not be the most effective strategy. The first and foremost issue lies in the right to personal autonomy and informed consent in medical decisions, a cornerstone of ethical healthcare. Forcing individuals to receive a medical intervention, regardless of its proven benefits, can jolt their faith in healthcare authorities, ultimately inducing fear and resistance. Secondly, a mandated approach may breed complacency in continuing other protective measures such as wearing masks, social distancing, and improving hygiene practices – all vital components of a holistic pandemic response. Lastly, in places where vaccine availability is still scarce, mandating vaccines risks promoting inequalities and may detract from efforts to distribute vaccines where they're most needed. A better response may involve a strong emphasis on education, transparency, and building confidence in vaccines. Only by understanding the benefits and risks, can people make informed choices, ultimately leading to widespread voluntary acceptance and vaccination coverage.",,,,,,,,,,,,,,,,,,,,,,
Vaccine Mandates AGAINST,NO ROLE-PLAY,"Vaccine mandates pose a complex issue in response to global pandemics. Foremost, world health problems fundamentally require public trust. Mandates can motivate initial hesitancy and mistrust towards valuable elements of public health such as vaccines. Voluntary vaccination reciprocates essential trust between citizens and establishments. Second, mandates might suggest that authorities distrust people's capable judgment, undermining democratic principles. With accessible, balanced information, individuals widely choose safeguarding their health through vaccines. Insightful health education, therefore, is the better route for increasing vaccination rates. Thirdly, mandates disregard personal or religious beliefs that deter people from getting vaccinated. Such objections should be addressed empathetically, but mandatory vaccination may cause resentment, leading to social unrest—an additional burden amidst a pandemic. Lastly, considering universal unique health circumstances, mandating vaccines could impose potential health risks where exemptions aren't possible. Hence, health behooves a more nuanced perspective than what vaccine mandates could offer. A more holistic approach encompassing trust, respect for individual judgment and beliefs, health education, and tailored healthcare better manages pandemics.",,,,,,,,,,,,,,,,,,,,,,
Deportations PRO,NO ROLE-PLAY,"The issue of illegal immigration holds ground as a multifaceted topic extending its roots deeply into matters of economy, culture, security, and the rule of law. Primarily, deportations serve as a protection mechanism for nations, safeguarding economic resources and jobs meant for legal residents and citizens. It's critical to note that a substantial percent of immigrants arrive illegally, bypassing legal methods to invade systems built around respect for law. By deporting those who disrespect this system, we reinforce the integrity of nation's legislation. Another cogent point concerns public safety. Notwithstanding the notion that most illegal immigrants aren't inherently malevolent, traditionally, illegal entrance has correspondingly encompassed the smuggling of drugs and crimes linked to organized gangs. Hence, deportation helps maintain security and peace. Finally, by having a stringent deportation system, a deterrent effect could be constructed, potentially dissuading prospective illegal immigrants from choosing the unlawful path. All these respective facets emerge to form a bigger picture where deportation can be considered, in many aspects, a practical and justified response to the complex issue of illegal immigration.",,,,,,,,,,,,,,,,,,,,,,
Deportations PRO,NO ROLE-PLAY,"When tackling the serious issue of illegal immigration, adopting deportations as a prominent strategy can consequently foster a more orderly and lawful process. Easy access without a valid legal process diminishes the value of legally achieved citizenship and undercuts rewards hardworking immigrants should enjoy. It's also important to understand that unrestricted immigration places enormous pressure on public resources, considering the financial, social, and systemic costs of health care, education, welfare, etc. Therefore, deporting those undocumented mitigates these impacts, upholding the pillars of societal sustenance. Also, sovereignty relies on robust border integrity; deportation enforces that national sovereignty cannot be compromised. Lastly, laws form the basic functioning unit of any society. If the critical laws concerned with immigration are not enforced, it potentially opens the door to other laws being disregarded. Hence, deportations symbolize a stand for the rule of law, predictability, and accountability. Amidst the cries of injustice and inhumanity, one must assess the situation with the wider societal good in mind, striking a fragile balance between compassion and legality. This is why deportations, which support that balance, are an essential response to illegal immigration.",,,,,,,,,,,,,,,,,,,,,,
Deportations PRO,NO ROLE-PLAY,"We live in a world governed by laws and principles where compliance is necessary to maintain order. The essence of deportations primarily addresses the issue of illegal immigration by ensuring we uphold these rules. Just like anyone who breaks a law must face consequences, individuals that have immigrated illegally should face repercussions—deportation being one of them. It isn't a question of being unwelcoming or restrictive, but simply no more than holding individuals responsible for failing to adhere to immigration laws. Deportations act as a deterrent, blunting the allure of the possibility of unrestricted immigration. Acknowledging the human aspect, this is about maintaining a system of fairness to those who wait, follow procedures, and legally comply with immigration rules. Everyone wants to secure their family's future, but it shouldn't be at the expense of rules that are there for a reason. Remember, system loopholes and illegal methods just breed more misuse of the system. Thus, the need to have a stringent method like deportation firmly in place.",,,,,,,,,,,,,,,,,,,,,,
Deportations AGAINST,NO ROLE-PLAY,"Deportation, while seemingly a direct solution for dealing with illegal immigration, might not be the most suitable method overall. One primary reason is the human aspect: families can potentially be divided, causing unnecessary trauma and heartache. Children who were brought to a new country inadvertently, might be forced to return to a homeland they are strangers to. This is especially a genuine issue where those children have received an education, adapted to the culture and are recognized as contributing members of the community. Additionally, mass deportations can strain diplomatic relations, potentially inviting backlash or restrictions against our people in their countries. Economically also, the sudden removal of a significant part of the workforce can strain certain industries and raises concerns about exploitation of those who are desperate to remain. Solutions broadening legal migration paths and providing reasonable options for people already integrated into the society, therefore, must be considered alternatives with long, lasting impact. These alternatives focus on creating a sustainable system strengthening economies, enriching cultures and upholding human dignity.",,,,,,,,,,,,,,,,,,,,,,
Deportations AGAINST,NO ROLE-PLAY,"Deportations, while one solution to illegal immigration, hold numerous consequences that demonstrate their ineffectiveness as a primary tactic. For many, living in their countries is not an option, given the rampant violence, lack of opportunities, pervasive poverty, or political problems. Deportations can thrust them back into these dangerous situations, thus being ethically problematic. Furthermore, deportations can inadvertently divide families and disrupt community cohesiveness – effects that reverberate beyond individuals to whole communities. Shifting our strategy from deportation to comprehensive immigration reform would have far-reaching benefits. This could involve creating avenues for legal immigration, implementing immigrant integration programs, and setting fair processes for asylum seekers. Comprehensive reform welcomes cultural diversity, encourages economic growth (as immigrants often start businesses and are instrumental in innovation), and fosters cohesive communities. The few economic costs that may come with reform are easily overshadowed by the individual and communal benefits, unlike deportations. Therefore, it makes sense to rethink our stance on deportations, considering both the human and economic implications.",,,,,,,,,,,,,,,,,,,,,,
Deportations AGAINST,NO ROLE-PLAY,"Deportations often misconstrue a complex issue: they fundamentally do not address the root causes of illegal immigration. What propels individuals to migrate (e.g., economic hardship, political instability, or seeking greater opportunities) continues independent of sporadic deportations. Reinforcing such blanket strategies consumes substantial financial resources while promoting fear and social division. Instead, adopting cost-effective, forward-thinking immigration policies could prove more purposeful. For one, improving conditions in disadvantaged countries through development aid could help reduce illegal crossings. Moreover, facilitating legal immigration paths, especially for professions facing worker shortages, would be more beneficial in the long term.

We must also consider the human rights perspective. Deportation often disruptively separates families, inflicting substantial emotional and psychological damage on all members, especially children. The process often lacks due process provisions, leading to different consequences on people based on mere distinctions in geography, paperwork, or luck. Providing ways for undocumented immigrants to legitimately attain citizenship respects their dignity and recognizes their contribution to our societies. These reasons make deportations largely unproductive and potentially harmful. The debate on immigration should go beyond rock-bottom approaches like deportations and strive for long-lasting, comprehensive solutions.",,,,,,,,,,,,,,,,,,,,,,
Rigged Elections PRO,REPUB,"We need to face the uncomfortable truth that our electoral process has some serious deficits, leaving space for exploitation. Consider the way gerrymandering is used to manipulate political power. District boundaries mind-bogglingly twisted, essentially stealing the voice of thousands of voters, all for political gain. Time and again, the people's influence in the electoral process is stolen by these rigged district lines.

Then there's the issue of money's untoward influence in politics, another evidence of a broken system. Lavish campaign donations buy access and influence, compromising the democratic voting process. With the 2010 Citizens United ruling, the problem has only grown worse. It allows corporations and the ultra-wealthy an unprecedented influence on the electoral trend.

We're not diminishing the vast majority who uphold their civic duty with integrity. But ignoring the realities that lead some to question the integrity of our elections isn't patriotic — it's a denial of the self-evident problems we face. Cleaning up our electoral process should be a red, white, and blue issue, not a blue or red one.",,,,,,,,,,,,,,,,,,,,,,
Rigged Elections PRO,REPUB,"Examining the state of elections in our great country, an uncomfortable suspicion arises that suggests these procedures might not be as fair or impartial as we would like to believe. Take for example the issue of redistricting, or 'gerrymandering.' Votes can be diluted or amplified based on arbitrary geographical boundaries, affecting overall representation. Moreover, state and local regulations can vary widely, making access to the ballots unbalanced across the nation.

Another contentious issue is voter ID laws. Critics assert that these laws discriminate against certain demographic sections, leading to unfair exclusion. Furthermore, there is potential for electoral influence via 'Big Money', as election campaigns demand sizeable financial contributions which could sway politicians' honesty.

Lastly, errors in mail-in voting can also question election integrity. While it's important to make voting accessible, there can be mistakes and fraud as more people vote remotely.

Given such factors, it's reasonable to question whether we possess truly free and impartial elections. What we need is a robust and relentless review of our electoral system, to uphold transparency, faith and integrity in the process. Haven't we all pledged to a 'government of the people, by the people, and for the people'? Shouldn't our electoral processes reflect exactly that?",,,,,,,,,,,,,,,,,,,,,,
Rigged Elections PRO,REPUB,"America is the land of liberty, a beacon of democracy. But can we confidently claim that every voice is being heard and respected? Consider Freedom House's damning study, which noted a decline in U.S. political rights. We have problems that undermine our electoral integrity: closed primaries, gerrymandering, bureaucratic voter registration requirements, and vague campaign finance laws. Closed primaries lock out Independent voters, gerrymandering distorts representation, registration bureaucracy discourages participation, while the lack of transparency in campaign funding facilitates behind-the-scenes manipulation. Instead of fostering free and open contests, these issues create pre-arranged outcomes. Candidates with deep-pockets or machine support are predisposed to win. It doesn't erase the act of voting but introduces an unfair playing field, rigging the results subtly. Remember, even subtlety corrupts our democracy and erodes citizen trust. It's time we recognize these hurdles and rally for election reform, not obsessing over conspiracy theories, but addressing documented, systemic issues. Just as we believe in free markets, we must also believe in free and fair elections: anti-establishment, anti-monopoly, and with minimal interference. We owe it to our legacy and posterity's future.",,,,,,,,,,,,,,,,,,,,,,
Rigged Elections AGAINST,REPUB,"The question over the integrity of our elections is one that must be handled objectively, and not clouded by political bias. Even in instances of close and contested races, complaint forums do exist and legal recourses operate as they should. Over the course of American history, we've witnessed situations where election results were disputed, taken to the courts, and we've had peaceful transitions of power. There are instances of fraud, but these are exceedingly minor when viewed objectively against the gigantic number of votes being cast. Moreover, decentralized system of managing elections across states inherently limits the scope for a coordinated, nationwide effort that would rig the entire process. Independent institutions, campaign committees, legal bodies, underlying mechanisms all cross-verify and cross-validate the election process, making it extremely difficult for one entity to manipulate it. Instead of getting swayed by rhetoric, we should trust in the resilience of our democratic infrastructure, which has stood the test of time and safeguards our republic.",,,,,,,,,,,,,,,,,,,,,,
Rigged Elections AGAINST,REPUB,"As someone who deeply values the strength and integrity of our democracy, I feel compelled to assert this crucial fact: elections in the United States are fundamentally free and fair. Every day, dedicated public officials and volunteers ensure that our democratic processes are run smoothly and without bias. State and local governments work tirelessly to maintain accurate voter rolls, secure voting machines, and provide fair election oversight. Additionally, our separation of powers and checks and balances guarantees accurate election results by distributing responsibilities among diverse entities. Therefore, any accusations of wide-scale coercion or statistical manipulation aren't supported by empirical evidence.

Remember that transparent audits consistently show a rate of fraud that is statistically insignificant. Furthermore, the decentralized design of our election system makes it extremely difficult for rogue actors to manipulate results in any meaningful way. Our faith and trust in our system is integral. Discrediting our elections without concrete proof only fractures our democracy. Let's take comfort in the meticulous systems we have in place that ensure our election's legitimacy.
",,,,,,,,,,,,,,,,,,,,,,
Rigged Elections AGAINST,REPUB,"Elections in the U.S. are, at their core, a fundamental testament to our belief in the democratic process — the very essence of what makes America great. We operate under a complex and careful system of checks and balances that ensures the integrity of our elections. From your local precinct to the corridors of the federal government, those responsible for managing these critical operations do so with commitment and fairness.

Rigging an American election is a near-impossible task, given the layered and distributed nature of the system. States manage, run, and secure their own elections, making centralized manipulation incredibly problematic. Moreover, our legal framework includes strict punishments for perpetrators, further amplifying the risk associated with any potential foul play.

To question the overall integrity of our elections undermines the bedrock of our Constitution and casts needless doubt on our democratic principles. Open and honest debate should the basis of our society, not unsupported allegations. Trust in our time-honored affordances of democracy is critical; for the most part, elections in the U.S. are not rigged.",,,,,,,,,,,,,,,,,,,,,,
Vaccine Mandates PRO,REPUB,"Look, if you study history, you'll find it teaches us some pretty vital lessons about the necessity of public health measures. Our ancestors wrestled with smallpox, polio, measles — deadly diseases that evoke rightly-drawn fear to this day. It was the development and widespread use of vaccines that allowed us to turn the tide and prevail against these threats to our community's well-being. The tool they used was not any sort of magic, but a fundamental principle: herd immunity. And to educate people about the importance of the issue, mandates were implemented. These practical steps safeguarded our communities, ensuring the health and safety of our population.

Today, as we face global pandemics, we need to uphold these same principles of bracing unity and earned wisdom. Vaccine mandates aren't about stifling individual freedoms, but ensuring that we all do our part to protect the vulnerable among us — our elderly, our chronically ill, our young. A successful response to a pandemic isn't achieved by individuals, but by the collective action of a united front.",,,,,,,,,,,,,,,,,,,,,,
Vaccine Mandates PRO,REPUB,"There's good, old-fashioned conservative logic behind vaccine mandates, especially during global pandemics. It's about the individual sacrificing a bit for the collective good - it's what we've always done when faced with an existential threat. And these viruses? They're just that.

Think back to polio or the mumps. We innovated the vaccines and then pushed for mass adoption, essentially eradicating these diseases. This did impugn on individual choice, but it was for the greater good of society, erasing threats and bringing life back to normal.

We defend America via a voluntarily armed force, yet during crisis periods in our history, we had drafts. We didn't usurp freedom - instead, we safeguarded it.

Vaccine mandates during a global pandemic aren't about taking away personal freedom. They're about protecting American lives, preserving our economy and returning us to our way of life. The sooner we reach high levels of vaccination, just as in the past, the sooner we wrestle back control from this invisible enemy. It's about the bigger picture – liberty and life, without restrictions.",,,,,,,,,,,,,,,,,,,,,,
Vaccine Mandates PRO,REPUB,"An argument for vaccine mandates is largely rooted in two fundamental conservative values: personal responsibility and protecting individual freedoms. Our ability to act responsibly ensures that we can continue enjoying personal liberties. A global pandemic upsets this balance. Unvaccinated individuals can unknowingly spiral a public health crisis, jeopardizing everyone's freedom by further intensifying governmental intervention and overreach.

Nevertheless, by choosing to get inoculated, we regain control over our health and contribute to herd immunity. This substantially curbs the spread of disease, managing the crisis expeditiously, and allowing us to revert to fewer regulations faster. 

Economically speaking, vaccines are invaluable assets precisely during a global pandemic. Healthy citizens mean businesses can stay open, reducing economic constraints and aiding faster recovery.

Finally, embracing vaccine mandates symbolizes our unity and commitment to safeguard our nation not as isolated beings, but as a collective body that values each and every life. In these challenging times, we must remember what it truly means to be conservative—that is, responsible to ourselves and each other, and unwavering in our dedication to secure individual freedoms.
",,,,,,,,,,,,,,,,,,,,,,
Vaccine Mandates AGAINST,REPUB,"Everyone can agree that global pandemics are a serious threat that require careful, measured responses. Yet vaccine mandates are not the best solution. They infringe upon personal freedoms - a motivating principle that this nation was founded upon. It is a fundamental right for every citizen to make decisions that affect their health. Mandates strip away this autonomy, fostering distrust rather than encouraging responsible choices. Additionally, they cause conflict, as people often resent be forced to conform. This is detrimental when unity and cooperation are essential. Instead, our focus should be on education. By arming our citizenry with accurate, science-backed data about vaccines and the risks of diseases, we empower them to make conscientious decisions. Diverse, free societies are best served when their members understand the potential stake they hold in public health crises and willingly choose to intervene for the larger public good. Breaking down misinformation and providing truth, rather than imposing inflexible mandates, will more effectively cultivate a society dedicated to curbing these significant disease threats. United in understanding, Americans are more likely to voluntarily protect themselves and their communities.",,,,,,,,,,,,,,,,,,,,,,
Vaccine Mandates AGAINST,REPUB,"The core issue when it comes to the idea of vaccine mandates as a response to global pandemics is that of personal freedom. Freedom of choice, a principle conservatives consider foundational in our society. In America, we value our autonomy to make decisions, particularly those that affect our own health. Rather than resorting to mandates, we should encourage voluntary vaccinations through providing accurate information to citizens. This allows people to make informed decisions about their health based on their personal risk assessments and specific medical contexts. Also, universal mandates fail to take into account the natural immunity offered by recovery from infection. Immunity from recovery has been shown by some studies to be as effective as, if not more than, vaccine-induced immunity. Another aspect to consider is operational efficiency. Healthy public policy is about striking a balance between collective good and personal freedom. By forcefully implementing these broad-sweeping mandates, we risk straining health agencies, creating unnecessary tension within the community, and infringing on personal liberties that we hold dear. It is integral to maintain the maximum freedom for individuals while procuring collective wellness.",,,,,,,,,,,,,,,,,,,,,,
Vaccine Mandates AGAINST,REPUB,"Vaccine mandates are a contentious issue during pandemics, and I argue for individual freedoms and personal responsibility over broadly prescribed mandates. Yes, vaccines are critical; they save lives, prevent community spread, and help us recover economically. However, mandates can ignite severe division, tarnishing vaccine reception and fostering non-compliance. 

It's important to dig into the roots of American society, wherein constitutional rights and personal autonomy are cornerstone values. Instilling fear or punishments will likely generate resistance, not compliance. 

Instead, let's encourage personal responsibility. If individuals fully understand the risks and benefits, informed decisions can be made without infringing upon personal liberties. More focus should be put on vaccine education, debunking misinformation, and promoting transparency concerning vaccine development and distribution.

Respect for one another's individual rights and shared responsibility should always be at the forefront. Let's empower citizens, not force them. Compulsion may win the battle, but a campaign based on understanding, tolerance, respect, and personal choice can win the war, uniting us in our fight against global pandemics.",,,,,,,,,,,,,,,,,,,,,,
Deportations PRO,REPUB,"Consider the foundational principle of our nation: the rule of law. It is what guarantees our rights, freedoms and social order. The rule of law is compromised when there is a failure to deport individuals who have entered or overstayed illegally. When people bypass our immigration policies, it's unfair to those who follow the appropriate legal processes. Additionally, a system that encourages illegal immigration strains our economic infrastructure as it provides incentives for individuals who do not contribute to taxes yet benefit from public resources. It's paramount to consider citizen safety as well. Deportation can be an effective deterrent against any potential criminal activities engaged by those without legal status. Hence, while deportations should be enacted humanely, they are a necessary step toward upholding our legal system, ensuring economic viability, and protecting citizen safety. Let's craft comprehensive immigration reform, bolster security, and pursue lawful, regulated pathways for individuals who wish to contribute to our great nation. For a prosperous America, we should retain our commitment to the rule of law. This begins by enforcing our immigration policies.",,,,,,,,,,,,,,,,,,,,,,
Deportations PRO,REPUB,"Illegal immigration carries steep costs for American communities, often undercutting the individuals who are trying to earn a decent livelihood. It creates an unfair competition for jobs and can impact wages adversely, putting an undue burden on the working majority. Keeping our borders secure helps us maintain a rule-of-law society where everyone plays by the rules. This is not about excluding otherwise law-abiding foreign nationals, but about ensuring those who enter our country do so legally. Moreover, deportations offer an avenue to discourage potential illegal immigrants. Think of it as an attempt to maintain deterrence. Without such actions, we'd essentially give green light to anyone and everyone, managing immigration no longer. It's about the sovereignty of the nation and the safety and economic well-being of the American people first. A generous nation must not become an uncritical and indiscriminate host. That’s why deportations, albeit seemingly harsh, are a necessary response to illegal immigration, providing an essential mechanism for maintaining lawful order, preserving job market fairness, and protecting our national sovereignty.",,,,,,,,,,,,,,,,,,,,,,
Deportations PRO,REPUB,"Respecting the rule of law is a core pillar of any functioning society. The issue of illegal immigration is no exception to this principle. Without enforcement of immigration rules, the system becomes arbitrary and weak, imposing unfair burdens. For every individual that bypasses the legal processes, there is someone waiting patiently to be granted entry. Furthermore, ignoring unlawful residence can strain public resources, including education, healthcare, and social amenities that are meant for citizens and legal migrants.

Deportations are a necessary action to uphold the rule of law. They send a strong message that the United States requires every immigrant to observe due process. A soft stance on the issue emboldens illegal immigration and minimizes the value of our citizenship. Therefore, deportations, for the greater part, are a justified response. It's not about anti-immigrant practices; it's about encouraging a legal, orderly system that ensures fairness for everyone involved. A nation that does not enforce its own laws invites chaos and injustice into its midst, something we should be keen to avoid.",,,,,,,,,,,,,,,,,,,,,,
Deportations AGAINST,REPUB,"Approaching the issue of illegal immigration solely with the strategy of deportation represents an uncomfortable reality - it only masks the problem without providing a viable, long-term solution. Firstly, deportation is not cost-effective. The taxpayer money is being used in the expulsion exercises which, many would argue, could be better invested in valued areas like education, healthcare, or bolstering our national defense. Secondly, enforcing mass deportations disrupts lives, families, and communities creating dire humanitarian concerns. Rooted in our founding principles is our commitment to compassion and dignity, making mass deportations deeply unsavory and inconsistent with our values.

More so, we also need labor force for under-filled job markets, often in agricultural and services sectors. Instead of deporting immigrants, we should create ways to integrate them into our system, making them pay taxes, and contributing to our society. This would make our economy stronger, while upholding values that are dear to this great nation - opportunity, liberty, and respect for all individuals. We need more sensible solutions, such as comprehensive immigration reform instead of knee-jerk deportations.",,,,,,,,,,,,,,,,,,,,,,
Deportations AGAINST,REPUB,"As a proud American, I fervently believe in upholding principles of pragmatism, individual rights, and economic efficiency, cornerstones of conservatism. Let's examine deportation through these principles:

Deportations, while advantageous as a short-term response to illegal immigration, largely fall short in providing a pragmatic, long-lasting solution. Notably, they miss the larger issue at stake, which is a flawed immigration system. We need reform for better market alignment, so we attract the right workforce while maintaining national security.

Moreover, deportations disrupt lives and separate families - something that clashes with traditional family values we cherish. The innate human dignity must be respected beyond the lines of legal status.

Finally, let's talk money. Deportations are a costly venture. Estimates suggest billions of dollars imbursed in the process each year. We are advocates for fiscal responsibility and believe taxpayer dollars should be redirected towards creating a responsive immigration system. 

Deportations are not the solution to illegal immigration. The key rests in reforming the current immigration system and releasing the economic potential it carries while respecting individual rights.",,,,,,,,,,,,,,,,,,,,,,
Deportations AGAINST,REPUB,"Consider this: the issue of illegal immigration certainly presents a serious concern for the sovereignty and security of our great nation. However, continual deportation often diverts resources away from tackling the fundamental causes of immigration itself. Economically speaking, many who come here illegally contribute significantly to our economy and have proven to be productive members of society. They own businesses, pay taxes, and provide vital labor. Deportation disrupts this balance. 

Instead of focusing mainly on costly deportations, we should aim to improve our legal paths towards residency and rehabilitation for those who've proven to contribute positively. This will maintain our economic stability while also maintaining integrity. Reforming immigration laws should ultimately be grounded in our American values, including fairness and opportunity. 

Furthermore, focusing more on improving border security and revamping our immigration system can provide a more lasting solution. Through modern technology advancements and tighter control on visa overstays, we may reduce the inflow of illegal immigrants, and this way uphold the law without punishing those already contributing to our society. Respecting our principles makes this nuanced view necessary.",,,,,,,,,,,,,,,,,,,,,,